Key,en,es,ar
Home,Home,Hogar,بيت
About Us,About Us,Sobre nosotros,معلومات عنا
Services,Services,Servicios,خدمات
Web Journal,Web Journal,Diario Web,مجلة الويب
Developer,Developer,Desarrollador,مطور
Contact,Contact,Contacto,اتصال
Join Now,Join Now,Únete ahora,نضم الان
Enter Email,Enter Email,Ingrese correo electrónico,أدخل البريد الإلكتروني
Enter Password,Enter Password,Introducir la contraseña,أدخل كلمة المرور
Forgot Password,Forgot Password,Has olvidado tu contraseña,هل نسيت كلمة السر
Login Now,Login Now,Inicia sesión ahora,تسجيل الدخول الآن
Don't Have An Account?,Don't Have An Account?,¿No tienes una cuenta?,ليس لديك حساب؟
Register Now,Register Now,Regístrate ahora,سجل الان
By clicking Login you are agreeing with our,By clicking Login you are agreeing with our,Al hacer clic en Iniciar sesión estás de acuerdo con nuestra,بالنقر فوق تسجيل الدخول، فإنك توافق على موافقتنا
Terms of feature,Terms of feature,Términos de característica,شروط الميزة
First Name,First Name,Nombre de pila,الاسم الأول
Last Name,Last Name,Apellido,اسم العائلة
Email,Email,Correo electrónico,بريد إلكتروني
Password,Password,Contraseña,كلمة المرور
I have agreed with,I have agreed with,he estado de acuerdo con,لقد اتفقت مع
Terms Of Use & Privacy Policy,Terms Of Use & Privacy Policy,Términos de uso y política de privacidad,شروط الاستخدام وسياسة الخصوصية
Already Have An Account?,Already Have An Account?,¿Ya tienes una cuenta?,هل لديك حساب؟
Dashboard,Dashboard,Panel,لوحة القيادة
Payments,Payments,Pagos,المدفوعات
2FA Security,2FA Security,Seguridad 2FA,2FA الأمن
Logout,Logout,Cerrar sesión,تسجيل خروج
Need Help?,Need Help?,¿Necesitas ayuda?,تحتاج مساعدة؟
Please check our docs,Please check our docs,Por favor consulte nuestros documentos,يرجى التحقق من مستنداتنا
Get Support,Get Support,Obtener apoyo,احصل على الدعم
Are you sure to,Are you sure to,¿Estás seguro de,هل أنت متأكد من ذلك
Profile,Profile,Perfil,حساب تعريفي
Profile Settings,Profile Settings,Configuración de perfil,إعدادات الملف الشخصي
Delete Profile,Delete Profile,Borrar perfil,حذف الملف الشخصي
Country,Country,País,دولة
Select Country,Select Country,Seleccionar país,حدد الدولة
Phone,Phone,Teléfono,هاتف
Address,Address,DIRECCIÓN,عنوان
City,City,Ciudad,مدينة
State,State,Estado,ولاية
Enter First Name,Enter First Name,Introduzca el nombre,أدخل الاسم الأول
Enter Last Name,Enter Last Name,Introduzca el apellido,إدخال اسم آخر
Enter Number,Enter Number,Ingresar número,أدخل رقم
Enter Address,Enter Address,Ingresa la direccion,أدخل العنوان
Enter City,Enter City,Ingrese la ciudad,أدخل المدينة
Enter State,Enter State,Ingresar estado,إدخال الدولة
Zip Code,Zip Code,Código postal,الرمز البريدي
Enter Zip,Enter Zip,Ingresar código postal,أدخل الرمز البريدي
Update,Update,Actualizar,تحديث
Something went wrong! Please try again.,Something went wrong! Please try again.,¡Algo salió mal! Inténtalo de nuevo.,هناك خطأ ما! حاول مرة اخرى.
Profile successfully updated!,Profile successfully updated!,¡Perfil actualizado exitosamente!,تم تحديث الملف الشخصي بنجاح!
The firstname field is required.,The firstname field is required.,El campo de nombre es obligatorio.,الحقل الأول مطلوب.
The lastname field is required.,The lastname field is required.,El campo de apellido es obligatorio.,حقل الاسم الأخير مطلوب.
The current password field is required.,The current password field is required.,El campo de contraseña actual es obligatorio.,حقل كلمة المرور الحالية مطلوب.
The password field is required.,The password field is required.,El campo de contraseña es obligatorio.,حقل كلمة المرور مطلوب.
Change,Change,Cambiar,يتغير
Current password didn\'t match,Current password didn\'t match,La contraseña actual no coincide,كلمة المرور الحالية غير متطابقة
Password successfully updated!,Password successfully updated!,¡Contraseña actualizada exitosamente!,تم تحديث كلمة المرور بنجاح!
Your account deleted successfully!,Your account deleted successfully!,¡Tu cuenta se eliminó exitosamente!,تم حذف حسابك بنجاح!
Are you sure to delete your account?,Are you sure to delete your account?,¿Estás seguro de eliminar tu cuenta?,هل أنت متأكد من حذف حسابك؟
If you do not think you will use,If you do not think you will use,Si no crees que lo usarás,إذا كنت لا تعتقد أنك سوف تستخدم
"again and like your account deleted. Keep in mind you will not be able to reactivate your account or retrieve any of the content or information you have added. If you would still like your account deleted, click “Delete Account”.?","again and like your account deleted. Keep in mind you will not be able to reactivate your account or retrieve any of the content or information you have added. If you would still like your account deleted, click “Delete Account”.?","nuevamente y dale me gusta a tu cuenta eliminada. Tenga en cuenta que no podrá reactivar su cuenta ni recuperar el contenido o la información que haya agregado. Si aún desea eliminar su cuenta, haga clic en ""Eliminar cuenta"".","مرة أخرى ومثل حذف حسابك. ضع في اعتبارك أنك لن تتمكن من إعادة تنشيط حسابك أو استرداد أي من المحتوى أو المعلومات التي أضفتها. إذا كنت لا تزال ترغب في حذف حسابك، فانقر فوق ""حذف الحساب""."
Confirm,Confirm,Confirmar,يتأكد
Close,Close,Cerca,يغلق
Account successfully verified,Account successfully verified,Cuenta verificada exitosamente,تم التحقق من الحساب بنجاح
Please verify your mail address. Check your mail inbox to get verification code,Please verify your mail address. Check your mail inbox to get verification code,Por favor verifique su dirección de correo. Revisa tu bandeja de entrada de correo para obtener el código de verificación,يرجى التحقق من عنوان البريد الخاص بك. تحقق من صندوق البريد الوارد الخاص بك للحصول على رمز التحقق
Mail Resend Success!,Mail Resend Success!,¡Reenvío de correo exitoso!,نجاح إعادة إرسال البريد!
Please enter the code,Please enter the code,Por favor ingresa el código,الرجاء إدخال الرمز
We sent a 6 digit code here,We sent a 6 digit code here,Enviamos un código de 6 dígitos aquí.,لقد أرسلنا رمزًا مكونًا من 6 أرقام هنا
You can resend the code after,You can resend the code after,Puedes reenviar el código después,يمكنك إعادة إرسال الرمز بعد ذلك
Submit,Submit,Entregar,يُقدِّم
Back To,Back To,De regreso,ارجع الى
Didn't get the code?,Didn't get the code?,¿No recibiste el código?,لم تحصل على الرمز؟
Resend,Resend,Reenviar,إعادة إرسال
Mail Authorization,Mail Authorization,Autorización de correo,ترخيص البريد
Reset Your Forgotten Password?,Reset Your Forgotten Password?,¿Restablecer su contraseña olvidada?,إعادة تعيين كلمة المرور المنسية؟
Take control of your account by resetting your password. Our password recovery page guides you through the necessary steps to securely reset your password.,Take control of your account by resetting your password. Our password recovery page guides you through the necessary steps to securely reset your password.,Tome el control de su cuenta restableciendo su contraseña. Nuestra página de recuperación de contraseña lo guía a través de los pasos necesarios para restablecer su contraseña de forma segura.,السيطرة على حسابك عن طريق إعادة تعيين كلمة المرور الخاصة بك. ترشدك صفحة استعادة كلمة المرور الخاصة بنا إلى الخطوات اللازمة لإعادة تعيين كلمة المرور الخاصة بك بشكل آمن.
Send OTP,Send OTP,Enviar OTP,أرسل كلمة مرور لمرة واحدة
Verification code sended to your email address.,Verification code sended to your email address.,Código de verificación enviado a su dirección de correo electrónico.,تم إرسال رمز التحقق إلى عنوان بريدك الإلكتروني.
The credentials field is required.,The credentials field is required.,El campo de credenciales es obligatorio.,حقل بيانات الاعتماد مطلوب.
Verify User,Verify User,Verificar usuario,التحقق من المستخدم
Verification code resend success!,Verification code resend success!,¡El reenvío del código de verificación fue exitoso!,تمت إعادة إرسال رمز التحقق بنجاح!
Password Reset,Password Reset,Restablecimiento de contraseña,إعادة تعيين كلمة المرور
Reset Your Password,Reset Your Password,Restablecer su contraseña,اعد ضبط كلمه السر
Enter New Password,Enter New Password,Ingrese nueva clave,أدخل كلمة المرور الجديدة
Enter Confirm Password,Enter Confirm Password,Ingrese Confirmar Contraseña,أدخل تأكيد كلمة المرور
Reset,Reset,Reiniciar,إعادة ضبط
The password must be at least 6 characters.,The password must be at least 6 characters.,La contraseña debe tener al menos 6 caracteres.,يجب أن تتكون كلمة المرور من 6 أحرف على الأقل.
The password confirmation does not match.,The password confirmation does not match.,La confirmación de la contraseña no coincide.,تأكيد كلمة المرور غير متطابق.
Password reset success. Please login with new password.,Password reset success. Please login with new password.,Restablecimiento de contraseña exitoso. Por favor inicie sesión con una nueva contraseña.,نجاح إعادة تعيين كلمة المرور. الرجاء تسجيل الدخول بكلمة المرور الجديدة.
Two Factor Authenticator,Two Factor Authenticator,Autenticador de dos factores,عامل المصادقة الثنائية
Enable,Enable,Permitir,يُمكَِن
Google Authenticator,Google Authenticator,Autenticador de Google,أداة مصادقة جوجل
"Google Authenticator adds an extra layer of security to your online accounts by adding a second step of verification when you sign in. This means that in addition to your password, you'll also need to enter a code that is generated by the Google Authenticator app on your phone.","Google Authenticator adds an extra layer of security to your online accounts by adding a second step of verification when you sign in. This means that in addition to your password, you'll also need to enter a code that is generated by the Google Authenticator app on your phone.","Google Authenticator agrega una capa adicional de seguridad a sus cuentas en línea al agregar un segundo paso de verificación cuando inicia sesión. Esto significa que, además de su contraseña, también deberá ingresar un código generado por la aplicación Google Authenticator. en tu teléfono.",يضيف Google Authenticator طبقة إضافية من الأمان إلى حساباتك عبر الإنترنت عن طريق إضافة خطوة ثانية للتحقق عند تسجيل الدخول. وهذا يعني أنه بالإضافة إلى كلمة المرور الخاصة بك، ستحتاج أيضًا إلى إدخال رمز تم إنشاؤه بواسطة تطبيق Google Authenticator على هاتفك.
How to Setup?,How to Setup?,¿Como instalar?,كيفيه التنصيب؟
Download App,Download App,Descargar aplicación,تحميل التطبيق
2 factor authentication (Powered by google)?,2 factor authentication (Powered by google)?,¿Autenticación de 2 factores (Desarrollada por Google)?,المصادقة الثنائية (مدعوم من جوجل)؟
Security Setting Updated Successfully!,Security Setting Updated Successfully!,¡Configuración de seguridad actualizada exitosamente!,تم تحديث إعداد الأمان بنجاح!
Support Tickets,Support Tickets,Boletos de soporte,تذاكر الدعم الفني
Add New,Add New,Agregar nuevo,اضف جديد
Ticket ID,Ticket ID,Identificación de entradas,معرف التذكرة
User,User,Usuario,مستخدم
username,username,nombre de usuario,اسم المستخدم
Subject,Subject,Sujeto,موضوع
Message,Message,Mensaje,رسالة
Status,Status,Estado,حالة
Last Reply,Last Reply,Última respuesta,الرد الأخير
No data found!,No data found!,¡Datos no encontrados!,لاتوجد بيانات!
Add New Ticket,Add New Ticket,Agregar nuevo boleto,إضافة تذكرة جديدة
Enter Subject,Enter Subject,Ingresar Asunto,أدخل الموضوع
Write Here,Write Here,Escribe aquí,اكتب هنا
Optional,Optional,Opcional,خياري
Attachments,Attachments,Archivos adjuntos,المرفقات
The name field is required.,The name field is required.,El campo de nombre es obligatorio.,حقل الاسم مطلوب.
The email field is required.,The email field is required.,El campo de correo electrónico es obligatorio.,حقل البريد الإلكتروني مطلوب.
The subject field is required.,The subject field is required.,El campo de asunto es obligatorio.,حقل الموضوع مطلوب.
The attachment field is required.,The attachment field is required.,El campo adjunto es obligatorio.,الحقل المرفق مطلوب.
Oops!! Failed to upload attachment. Please try again.,Oops!! Failed to upload attachment. Please try again.,¡¡Ups!! No se pudo cargar el archivo adjunto. Inténtalo de nuevo.,أُووبس!! فشل تحميل المرفق. حاول مرة اخرى.
Support ticket created successfully!,Support ticket created successfully!,¡Ticket de soporte creado exitosamente!,تم إنشاء تذكرة الدعم بنجاح!
SMS Sending failed! Please try again.,SMS Sending failed! Please try again.,¡Falló el envío de SMS! Inténtalo de nuevo.,فشل إرسال الرسائل القصيرة! حاول مرة اخرى.
This support ticket is closed.,This support ticket is closed.,Este ticket de soporte está cerrado.,تم إغلاق تذكرة الدعم هذه.
Support Details,Support Details,Detalles de soporte,تفاصيل الدعم
Description,Description,Descripción,وصف
Are you sure to mark as solved,Are you sure to mark as solved,¿Estás seguro de marcar como resuelto?,"هل أنت متأكد من وضع علامة ""تم الحل""."
Because it's not reversible.,Because it's not reversible.,Porque no es reversible.,لأنه لا يمكن عكسه.
Pending Tickets,Pending Tickets,Entradas pendientes,التذاكر المعلقة
Active Tickets,Active Tickets,Entradas activas,التذاكر النشطة
Solved Tickets,Solved Tickets,Entradas resueltas,تذاكر محلولة
All Tickets,All Tickets,Todas las entradas,جميع التذاكر
All Ticket,All Ticket,Todos los boletos,جميع التذاكر
View All,View All,Ver todo,عرض الكل
Support Chat,Support Chat,Chat de soporte,دعم الدردشة
Conversation,Conversation,Conversación,محادثة
"This ticket is solved, you can't send message right now.","This ticket is solved, you can't send message right now.","Este ticket está solucionado, no puedes enviar mensaje en este momento.",تم حل هذه التذكرة، لا يمكنك إرسال رسالة الآن.
Pending Ticket,Pending Ticket,Boleto pendiente,تذكرة معلقة
Active Ticket,Active Ticket,Boleto Activo,تذكرة نشطة
Solved Ticket,Solved Ticket,Boleto resuelto,تذكرة محلولة
Notification,Notification,Notificación,إشعار
Change Password,Change Password,Cambiar la contraseña,تغيير كلمة المرور
Current Password,Current Password,Contraseña actual,كلمة السر الحالية
New Password,New Password,Nueva contraseña,كلمة المرور الجديدة
Confirm Password,Confirm Password,confirmar Contraseña,تأكيد كلمة المرور
Active,Active,Activo,نشيط
Default,Default,Por defecto,تقصير
Pending,Pending,Pendiente,قيد الانتظار
Solved,Solved,Resuelto,تم حلها
Banned,Banned,Prohibido,محظور
Verified,Verified,Verificado,تم التحقق
Rejected,Rejected,Rechazado,مرفوض
Unverified,Unverified,Inconfirmado,لم يتم التحقق منها
Choose One,Choose One,Elige uno,اختر واحدًا
NID,NOT,NO,لا
Passport,Passport,Pasaporte,جواز سفر
Driving License,Driving License,Licencia de conducir,رخصة قيادة
Front,Front,Frente,أمام
Back,Back,Atrás,خلف
ID Type,ID Type,tipo de identificación,نوع الهوية
KYC Information,KYC Information,Información KYC,معلومات اعرف عميلك
Your KYC information is submited. Please wait for admin confirmation. When you are KYC verified you will show your submited information here,Your KYC information is submited. Please wait for admin confirmation. When you are KYC verified you will show your submited information here,"Se envía su información KYC. Espere la confirmación del administrador. Cuando esté verificado por KYC, mostrará la información enviada aquí",تم إرسال معلومات KYC الخاصة بك. الرجاء الانتظار لتأكيد المشرف. عندما يتم التحقق من KYC، ستعرض معلوماتك المقدمة هنا
Your KYC information is verified,Your KYC information is verified,Su información KYC está verificada,تم التحقق من معلومات KYC الخاصة بك
Your KYC information is rejected.,Your KYC information is rejected.,Su información KYC es rechazada.,تم رفض معلومات KYC الخاصة بك.
Please submit your KYC information with valid data.,Please submit your KYC information with valid data.,Envíe su información KYC con datos válidos.,يرجى تقديم معلومات KYC الخاصة بك مع بيانات صالحة.
Reject Reason,Reject Reason,Motivo del rechazo,رفض السبب
KYC information successfully submitted,KYC information successfully submitted,La información KYC se envió correctamente,تم إرسال معلومات KYC بنجاح
You are already KYC Verified User,You are already KYC Verified User,Ya eres usuario verificado de KYC,أنت بالفعل مستخدم تم التحقق منه (KYC).
No need to identity verification!!,No need to identity verification!!,¡¡No es necesario verificar la identidad!!,لا حاجة للتحقق من الهوية!!
Version,Version,Versión,إصدار
Search,Search,Buscar,يبحث
Fullscreen,Fullscreen,Pantalla completa,تكبير الشاشة
Clear All,Clear All,Limpiar todo,امسح الكل
No new notification found!,No new notification found!,¡No se encontró ninguna notificación nueva!,لم يتم العثور على إشعار جديد!
Settings,Settings,Ajustes,إعدادات
Admin Profile,Admin Profile,Perfil de administrador,الملف الشخصي للمسؤول
Language,Language,Idioma,لغة
English,English,Inglés,إنجليزي
Layout Mode,Layout Mode,Modo de diseño,وضع التخطيط
Dark Mode,Dark Mode,Modo oscuro,الوضع المظلم
Topbar Color,Topbar Color,Color de la barra superior,لون الشريط العلوي
Light Mode,Light Mode,Modo de luz,وضع الضوء
Sidebar Color,Sidebar Color,Color de la barra lateral,لون الشريط الجانبي
Min Sidebar Color,Min Sidebar Color,Color mínimo de la barra lateral,الحد الأدنى للون الشريط الجانبي
Direction,Direction,Dirección,اتجاه
RTL Support,RTL Support,Soporte RTL,دعم RTL
Profile Image,Profile Image,Imagen de perfil,صورة الملف الشخصي
Save & Change,Save & Change,Guardar cambios,حفظ وتغيير
Profile Information Updated Successfully!,Profile Information Updated Successfully!,¡Información de perfil actualizada con éxito!,تم تحديث معلومات الملف الشخصي بنجاح!
Welcome To,Welcome To,Bienvenido a,مرحبا بك في
Admin Panel,Admin Panel,Panel de administrador,لوحة الادارة
Developed by,Developed by,Desarrollado por,طورت بواسطة
AppDevs,AppDevs,desarrolladores de aplicaciones,AppDevs
Password updated successfully!,Password updated successfully!,¡Contraseña actualizada exitosamente!,تم تحديث كلمة السر بنجاح!
Interface Panel,Interface Panel,Panel de interfaz,لوحة الواجهة
Active Users,Active Users,Usuarios activos,المستخدمين النشطين
Email Unverified,Email Unverified,Correo electrónico no verificado,لم يتم التحقق من البريد الإلكتروني
KYC Unverified,KYC Unverified,KYC no verificado,لم يتم التحقق من KYC
All Users,All Users,Todos los usuarios,جميع المستخدمين
Email To Users,Email To Users,Enviar correo electrónico a los usuarios,البريد الإلكتروني للمستخدمين
Banned Users,Banned Users,Usuarios prohibidos,المستخدمون المحظورون
Admin Care,Admin Care,Atención administrativa,رعاية المشرف
All Admin,All Admin,Todos los administradores,كل المشرف
Admin Role,Admin Role,Rol de administrador,دور المشرف
Role Permission,Role Permission,Permiso de rol,إذن الدور
Email To Admin,Email To Admin,Enviar correo electrónico al administrador,البريد الإلكتروني إلى المشرف
Web Settings,Web Settings,Configuración web,إعدادات الويب
Basic Settings,Basic Settings,Ajustes básicos,الإعدادات الأساسية
Image Assets,Image Assets,Recursos de imagen,أصول الصورة
Setup SEO,Setup SEO,Configurar SEO,إعداد كبار المسئولين الاقتصاديين
App Settings,App Settings,Ajustes de Aplicacion,إعدادات التطبيقات
Splash Screen,Splash Screen,Pantalla de bienvenida,شاشة البداية
Onboard Screen,Onboard Screen,Pantalla integrada,شاشة على متن الطائرة
Languages,Languages,Idiomas,اللغات
Setup Email,Setup Email,Configurar correo electrónico,إعداد البريد الإلكتروني
Email Method,Email Method,Método de correo electrónico,طريقة البريد الإلكتروني
Setup KYC,Setup KYC,Configurar KYC,إعداد KYC
Verification Center,Verification Center,Centro de verificación,مركز التحقق
Setup Web Content,Setup Web Content,Configurar contenido web,إعداد محتوى الويب
Setup Section,Setup Section,Sección de configuración,قسم الإعداد
Setup Pages,Setup Pages,Páginas de configuración,صفحات الإعداد
Extensions,Extensions,Extensiones,ملحقات
Useful Links,Useful Links,Enlaces útiles,روابط مفيدة
Push Notification,Push Notification,Notificación de inserción,دفع الإخطار
Setup Notification,Setup Notification,Notificación de configuración,إشعار الإعداد
Send Notification,Send Notification,Enviar notificación,إرسال الإخطار
Bonus,Bonus,Prima,علاوة
GDPR Cookie,GDPR Cookie,Cookie RGPD,ملف تعريف الارتباط الناتج عن اللائحة العامة لحماية البيانات
Server Info,Server Info,Información del servidor,معلومات الخادم
Clear Cache,Clear Cache,Limpiar cache,مسح ذاكرة التخزين المؤقت
Action,Action,Acción,فعل
User Overview,User Overview,Descripción general del usuario,نظرة عامة على المستخدم
Add/Subtract Balance,Add/Subtract Balance,Sumar/Restar Saldo,إضافة/طرح الرصيد
Login Logs,Login Logs,Registros de inicio de sesión,سجلات تسجيل الدخول
Send Email,Send Email,Enviar correo electrónico,ارسل بريد الكتروني
Login as Member,Login as Member,Iniciar sesión como miembro,تسجيل الدخول كعضو
Email Logs,Email Logs,Registros de correo electrónico,سجلات البريد الإلكتروني
Full Name,Full Name,Nombre completo,الاسم الكامل
Last Login,Last Login,Último acceso,آخر تسجيل دخول
Information of User,Information of User,Información del Usuario,معلومات المستخدم
Phone Number,Phone Number,Número de teléfono,رقم التليفون
Type Here,Type Here,Escriba aquí,أكتب هنا
User Status,User Status,Estatus de usuario,حالة المستخدم
Email Verification,Email Verification,verificacion de email,تأكيد بواسطة البريد الالكتروني
2FA Verification,2FA Verification,Verificación 2FA,التحقق 2FA
KYC Verification,KYC Verification,Verificación KYC,التحقق من KYC
Send,Send,Enviar,يرسل
Type,Type,Tipo,يكتب
Select Type,Select Type,Seleccione tipo,اختر صنف
Balance Add,Balance Add,Agregar saldo,إضافة الرصيد
Balance Subtract,Balance Subtract,Resta de saldo,طرح الرصيد
User Wallet,User Wallet,Cartera de usuario,محفظة المستخدم
Select User Wallet,Select User Wallet,Seleccionar billetera de usuario,حدد محفظة المستخدم
Amount,Amount,Cantidad,كمية
Remark,Remark,Observación,ملاحظة
The username field is required.,The username field is required.,El campo de nombre de usuario es obligatorio.,حقل اسم المستخدم مطلوب.
The message field is required.,The message field is required.,El campo del mensaje es obligatorio.,حقل الرسالة مطلوب.
Opps! User not exists,Opps! User not exists,¡Ups! El usuario no existe,انتبه! المستخدم غير موجود
Mail successfully sended,Mail successfully sended,Correo enviado exitosamente,تم إرسال البريد بنجاح
User Login Logs,User Login Logs,Registros de inicio de sesión de usuario,سجلات دخول المستخدم
SL,SL,SL,إس إل
IP,IP,IP,الملكية الفكرية
MAC,MAC,MAC,ماك
Location,Location,Ubicación,موقع
Browser,Browser,Navegador,المتصفح
OS,YOU,TÚ,أنت
Login at,Login at,Inicia sesión en,تسجيل الدخول في
User Email Logs,User Email Logs,Registros de correo electrónico del usuario,سجلات البريد الإلكتروني للمستخدم
Mail Sender(Method),Mail Sender(Method),Remitente de correo (método),مرسل البريد (الطريقة)
Email Unverified Users,Email Unverified Users,Enviar correo electrónico a usuarios no verificados,إرسال بريد إلكتروني للمستخدمين الذين لم يتم التحقق منهم
SMS Unverified Users,SMS Unverified Users,Usuarios no verificados de SMS,المستخدمين الذين لم يتم التحقق من الرسائل النصية القصيرة
KYC Unverified Users,KYC Unverified Users,Usuarios no verificados de KYC,KYC المستخدمين الذين لم يتم التحقق منهم
User Care,User Care,Atención al usuario,رعاية المستخدم
User Details,User Details,Detalles de usuario,بيانات المستخدم
User Profile,User Profile,Perfil del usuario,ملف تعريفي للمستخدم
Kyc Profile,Kyc Profile,Perfil de Kyc,الملف الشخصي لـ Kyc
Edit KYC,Edit KYC,Editar KYC,تحرير اعرف عميلك
Information of Logs,Information of Logs,Información de registros,معلومات السجلات
File not found!,File not found!,¡Archivo no encontrado!,لم يتم العثور على الملف!
Approve,Approve,Aprobar,يعتمد
Reject,Reject,Rechazar,يرفض
KYC Information not submitted yet,KYC Information not submitted yet,Información KYC aún no enviada,لم يتم تقديم معلومات KYC بعد
Are you sure to approve,Are you sure to approve,¿Estás seguro de aprobar?,هل أنت متأكد من الموافقة
KYC information.,KYC information.,Información KYC.,"معلومات ""اعرف عميلك""."
Rejejct KYC,Reject KYC,Rechazar KYC,"رفض ""اعرف عميلك""."
Explain Rejection Reason,Explain Rejection Reason,Explicar el motivo del rechazo,شرح سبب الرفض
User already KYC verified,User already KYC verified,Usuario ya verificado KYC,تم التحقق من المستخدم بالفعل
User KYC information not found,User KYC information not found,Información KYC del usuario no encontrada,لم يتم العثور على معلومات KYC الخاصة بالمستخدم
User KYC successfully approved,User KYC successfully approved,Usuario KYC aprobado exitosamente,تمت الموافقة على KYC للمستخدم بنجاح
The reason field is required.,The reason field is required.,El campo de motivo es obligatorio.,حقل السبب مطلوب.
User KYC information is rejected,User KYC information is rejected,La información KYC del usuario es rechazada,تم رفض معلومات KYC الخاصة بالمستخدم
User do not have sufficient balance,User do not have sufficient balance,El usuario no tiene saldo suficiente,المستخدم ليس لديه رصيد كافي
User wallet not found!,User wallet not found!,¡No se encontró la billetera del usuario!,لم يتم العثور على محفظة المستخدم!
Transaction success,Transaction success,Éxito de la transacción,نجاح الصفقة
Details,Details,Detalles,تفاصيل
Email successfully sended,Email successfully sended,Correo electrónico enviado correctamente,تم إرسال البريد الإلكتروني بنجاح
Add Admin,Add Admin,Agregar administrador,إضافة المشرف
Role,Role,Role,دور
Cancel,Cancel,Cancelar,يلغي
Add,Add,Agregar,يضيف
Generate,Generate,Generar,يولد
Select Role,Select Role,Seleccionar rol,حدد الدور
The role field is required.,The role field is required.,El campo de rol es obligatorio.,حقل الدور مطلوب.
The phone field is required.,The phone field is required.,El campo del teléfono es obligatorio.,حقل الهاتف مطلوب.
Role assign faild!,Role assign faild!,¡Error en la asignación de roles!,فشل تعيين الدور!
New admin created successfully!,New admin created successfully!,¡Nuevo administrador creado exitosamente!,تم إنشاء المشرف الجديد بنجاح!
Edit Admin,Edit Admin,Editar administrador,تحرير المشرف
Admin information updated successfully!,Admin information updated successfully!,¡La información del administrador se actualizó exitosamente!,تم تحديث معلومات المشرف بنجاح!
Are you sure to remove,Are you sure to remove,¿Estás seguro de eliminar?,هل أنت متأكد من إزالة
Admin Roles,Admin Roles,Funciones de administrador,أدوار المشرف
All Admin Roles,All Admin Roles,Todas las funciones de administrador,جميع أدوار المشرف
Role Name,Role Name,Nombre de rol,اسم الدور
Asign Admin,Assign Admin,Asignar administrador,تعيين المشرف
Add New Role,Add New Role,Agregar nuevo rol,إضافة دور جديد
Edit Role,Edit Role,Editar rol,تحرير الدور
Are you sure to delete this role?,Are you sure to delete this role?,¿Estás seguro de eliminar este rol?,هل أنت متأكد من حذف هذا الدور؟
Admin status updated successfully!,Admin status updated successfully!,¡El estado del administrador se actualizó exitosamente!,تم تحديث حالة المشرف بنجاح!
Admin role created successfully!,Admin role created successfully!,¡El rol de administrador se creó exitosamente!,تم إنشاء دور المشرف بنجاح!
Opps! Target not found!,Opps! Target not found!,¡Ups! ¡Objetivo no encontrado!,انتبه! لم يتم العثور على الهدف!
Opps! Target role not found!,Opps! Target role not found!,¡Ups! ¡Rol objetivo no encontrado!,انتبه! لم يتم العثور على الدور المستهدف!
Admin role updated successfully!,Admin role updated successfully!,¡El rol de administrador se actualizó exitosamente!,تم تحديث دور المشرف بنجاح!
Super admin role can\'t deletable.,Super admin role can\'t deletable.,La función de superadministrador no se puede eliminar.,لا يمكن حذف دور المشرف المتميز.
Admin role deleted successfully!,Admin role deleted successfully!,¡El rol de administrador se eliminó correctamente!,تم حذف دور المشرف بنجاح!
Permission Group,Permission Group,Grupo de permisos,مجموعة الأذونات
Permission Name,Permission Name,Nombre del permiso,اسم الإذن
Add New Permission,Add New Permission,Agregar nuevo permiso,إضافة إذن جديد
URI,TYPE,TIPO,يكتب
SL NO,SL NO,SI. NO,SL. لا
Assign Permission Page/Task,Assign Permission Page/Task,Asignar página/tarea de permiso,تعيين صفحة/مهمة إذن
Select Pages,Select Pages,Seleccionar páginas,حدد الصفحات
Are you sure to delete this permission? It will also delete all permissions against this role.,Are you sure to delete this permission? It will also delete all permissions against this role.,¿Estás seguro de eliminar este permiso? También eliminará todos los permisos de este rol.,هل أنت متأكد من حذف هذا الإذن؟ سيتم أيضًا حذف كافة الأذونات مقابل هذا الدور.
Permission created successfully!,Permission created successfully!,¡Permiso creado exitosamente!,تم إنشاء الإذن بنجاح!
Permission not found!,Permission not found!,¡Permiso no encontrado!,لم يتم العثور على إذن!
Permission updated successfully!,Permission updated successfully!,¡Permiso actualizado exitosamente!,تم تحديث الإذن بنجاح!
Permission deleted successfully!,Permission deleted successfully!,¡Permiso eliminado exitosamente!,تم حذف الإذن بنجاح!
Role Permission,Role Permission,Permiso de rol,إذن الدور
Permission assign successfully!,Permission assign successfully!,¡El permiso se asignó correctamente!,تم تعيين الإذن بنجاح!
Can\'t deletable system super admin,Can\'t deletable system super admin,No se puede eliminar el superadministrador del sistema,لا يمكن حذف المشرف المتميز للنظام
Admin deleted successfully!,Admin deleted successfully!,¡El administrador se eliminó exitosamente!,تم حذف المشرف بنجاح!
Email send successfully!,Email send successfully!,¡Envío de correo electrónico exitoso!,إرسال البريد الإلكتروني بنجاح!
All Permissions,All Permissions,Todos los permisos,جميع الأذونات
Site Base Color,Site Base Color,Color base del sitio,اللون الأساسي للموقع
Site Name,Site Name,Nombre del sitio,اسم الموقع
Web Version,Web Version,Versión Web,نسخة الويب
Site Title,Site Title,Título del sitio,عنوان الموقع
OTP Expiration,OTP Expiration,Vencimiento de la OTP,انتهاء صلاحية OTP
TimeZone,TimeZone,Zona horaria,وحدة زمنية
Activation Settings,Activation Settings,Configuración de activación,إعدادات التنشيط
User Registration,User Registration,registro de usuario,تسجيل المستخدم
Activated,Activated,Activado,مفعل
Deactivated,Deactivated,Desactivado,معطل
Secure Password,Secure Password,Contraseña segura,كلمة مرور آمنة
Agree Policy,Agree Policy,Política de acuerdo,الموافقة على السياسة
Force SSL,Force SSL,Forzar SSL,فرض SSL
Email Notification,Email Notification,Notificación de correo electrónico,إشعار البريد الإلكتروني
The base color field is required.,The base color field is required.,El campo de color base es obligatorio.,حقل اللون الأساسي مطلوب.
The site name field is required.,The site name field is required.,El campo del nombre del sitio es obligatorio.,حقل اسم الموقع مطلوب.
The web version field is required.,The web version field is required.,El campo de versión web es obligatorio.,حقل إصدار الويب مطلوب.
The site title field is required.,The site title field is required.,El campo del título del sitio es obligatorio.,حقل عنوان الموقع مطلوب.
The otp exp seconds field is required.,The otp exp seconds field is required.,El campo segundos de exp otp es obligatorio.,حقل ثواني otp مطلوب.
The timezone field is required.,The timezone field is required.,El campo de zona horaria es obligatorio.,حقل المنطقة الزمنية مطلوب.
Basic settings not found!,Basic settings not found!,¡No se encontraron configuraciones básicas!,لم يتم العثور على الإعدادات الأساسية!
Basic settings updated successfully!,Basic settings updated successfully!,¡La configuración básica se actualizó correctamente!,تم تحديث الإعدادات الأساسية بنجاح!
You have to configure your system mail first.,You have to configure your system mail first.,Primero debe configurar el correo de su sistema.,يجب عليك تكوين بريد النظام الخاص بك أولاً.
Please setup KYC field first. Go to [Setup KYC] page from sidebar,Please setup KYC field first. Go to [Setup KYC] page from sidebar,Primero configure el campo KYC. Vaya a la página [Configurar KYC] desde la barra lateral,يرجى إعداد حقل KYC أولاً. انتقل إلى صفحة [Setup KYC] من الشريط الجانبي
Basic settings status updated successfully!,Basic settings status updated successfully!,¡El estado de la configuración básica se actualizó correctamente!,تم تحديث حالة الإعدادات الأساسية بنجاح!
Seconds,Seconds,Segundos,ثواني
Logo (Light Version),Logo (Light Version),Logotipo (versión ligera),الشعار (النسخة الخفيفة)
Logo (Dark Version),Logo (Dark Version),Logotipo (versión oscura),الشعار (الإصدار الداكن)
Favicon (Light Version),Favicon (Light Version),Favicon (versión ligera),الأيقونة المفضلة (الإصدار الخفيف)
Favicon (Dark Version),Favicon (Dark Version),Favicon (versión oscura),الأيقونة المفضلة (الإصدار الداكن)
Search Engine Optimization (SEO),Search Engine Optimization (SEO),Optimización de motores de búsqueda (SEO),تحسين محركات البحث (SEO)
Image assets updated successfully!,Image assets updated successfully!,¡Los recursos de imagen se actualizaron correctamente!,تم تحديث أصول الصورة بنجاح!
Thumbnail Image,Thumbnail Image,Imagen en miniatura,صورة مصغرة
Social Title,Social Title,Título social,العنوان الاجتماعي
Social Description,Social Description,Descripción social,الوصف الاجتماعي
Tags,Tags,Etiquetas,العلامات
The title field is required.,The title field is required.,El campo del título es obligatorio.,مطلوب حقل العنوان.
SEO information updated successfully!,SEO information updated successfully!,¡Información SEO actualizada con éxito!,تم تحديث معلومات تحسين محركات البحث (SEO) بنجاح!
Image,Image,Imagen,صورة
App Version,App Version,Version de aplicacion,نسخة التطبيق
The version field is required.,The version field is required.,El campo de versión es obligatorio.,حقل الإصدار مطلوب.
Splash screen updated successfully!,Splash screen updated successfully!,¡La pantalla de bienvenida se actualizó correctamente!,تم تحديث شاشة البداية بنجاح!
Sub Title,Sub Title,Subtítulo,العنوان الفرعي
Add New Screen,Add New Screen,Agregar nueva pantalla,إضافة شاشة جديدة
Edit Screen,Edit Screen,Editar pantalla,تحرير الشاشة
Onboard Screen Added Successfully!,Onboard Screen Added Successfully!,¡Pantalla integrada agregada con éxito!,تمت إضافة الشاشة على متن الطائرة بنجاح!
Onboard screen status updated successfully!,Onboard screen status updated successfully!,¡El estado de la pantalla integrada se actualizó correctamente!,تم تحديث حالة الشاشة على متن الطائرة بنجاح!
Onboard screen information updated successfully!,Onboard screen information updated successfully!,¡La información de la pantalla a bordo se actualizó exitosamente!,تم تحديث معلومات الشاشة الموجودة على اللوحة بنجاح!
Screen deleted successfully!,Screen deleted successfully!,¡Pantalla eliminada exitosamente!,تم حذف الشاشة بنجاح!
delete,delete,borrar,يمسح
this screen?,this screen?,esta pantalla?,هذه الشاشة؟
Language Manager,Language Manager,Administrador de idiomas,مدير اللغة
Code,Code,Código,شفرة
Selectable,Selectable,Seleccionable,قابل للتحديد
Are you sure to delete this language?,Are you sure to delete this language?,¿Estás seguro de eliminar este idioma?,هل أنت متأكد من حذف هذه اللغة؟
Add Language,Add Language,Agregar idioma,إضافة لغة
Language Name,Language Name,Nombre del lenguaje,اسم اللغة
Language Code,Language Code,Código de lenguaje,رمز اللغة
LTR,LTR,LTR,لتر
RTL,RTL,RTL,من اليمين إلى اليسار
Select Language,Select Language,Seleccione el idioma,اختار اللغة
"Language File (.xlsx, .csv)","Language File (.xlsx, .csv)","Archivo de idioma (.xlsx, .csv)",ملف اللغة (.xlsx، .csv)
The code field is required.,The code field is required.,El campo del código es obligatorio.,حقل الرمز مطلوب.
The dir field is required.,The dir field is required.,El campo dir es obligatorio.,الحقل dir مطلوب.
Language created successfully!,Language created successfully!,¡Idioma creado exitosamente!,تم إنشاء اللغة بنجاح!
Language updated successfully!,Language updated successfully!,¡Idioma actualizado exitosamente!,تم تحديث اللغة بنجاح!
Language deleted successfully!,Language deleted successfully!,¡Idioma eliminado exitosamente!,تم حذف اللغة بنجاح!
Language status updated successfully!,Language status updated successfully!,¡El estado del idioma se actualizó exitosamente!,تم تحديث حالة اللغة بنجاح!
Language Information,Language Information,Información de idioma,معلومات اللغة
Language Keywords of English,Language Keywords of English,Palabras clave del idioma inglés,الكلمات الرئيسية للغة الإنجليزية
Edit Language,Edit Language,Editar idioma,تحرير اللغة
Import,Import,Importar,يستورد
Download,Download,Descargar,تحميل
Name,Name,Nombre,اسم
Email Send Method,Email Send Method,Método de envío de correo electrónico,طريقة إرسال البريد الإلكتروني
Select Method,Select Method,Seleccionar método,حدد الطريقة
SMTP,SMTP,SMTP,SMTP
Send Mail,Send Mail,Enviar correo,ارسل بريد
Host,Host,Anfitrión,يستضيف
Port,Port,Puerto,ميناء
Encryption,Encryption,Cifrado,التشفير
SSL,SSL,SSL,طبقة المقابس الآمنة
TLS,TLS,TLS,TLS
Mail From Address,Mail From Address,Correo desde la dirección,البريد من العنوان
"Language switch successfully!","Language switch successfully!","¡Cambio de idioma exitoso!","تبديل اللغة بنجاح!"
Send Test Mail,Send Test Mail,Enviar correo de prueba,إرسال بريد الاختبار
The method field is required.,The method field is required.,El campo del método es obligatorio.,حقل الطريقة مطلوب.
The host field is required.,The host field is required.,El campo de host es obligatorio.,الحقل المضيف مطلوب.
The port field is required.,The port field is required.,El campo del puerto es obligatorio.,حقل المنفذ مطلوب.
The encryption field is required.,The encryption field is required.,El campo de cifrado es obligatorio.,حقل التشفير مطلوب.
Information updated successfully!,Information updated successfully!,¡Información actualizada exitosamente!,تم تحديث المعلومات بنجاح!
Deactive,Deactive,Desactivado,غير نشط
KYC Data Form,KYC Data Form,Formulario de datos KYC,نموذج بيانات KYC
Field Name,Field Name,Nombre del campo,اسم الحقل
Field Types,Field Types,Tipos de campo,أنواع الحقول
Max File Size (mb),Max File Size (mb),Tamaño máximo de archivo (mb),الحد الأقصى لحجم الملف (ميجابايت)
File Extension,File Extension,Extensión de archivo,امتداد الملف
Options,Options,Opciones,خيارات
Min Character,Min Character,Carácter mínimo,حرف مين
Max Character,Max Character,Carácter máximo,شخصية ماكس
Field Necessity,Field Necessity,Necesidad de campo,ضرورة المجال
Required,Required,Requerido,مطلوب
Page Name,Page Name,Nombre de la página,اسم الصفحة
Disable,Disable,Desactivar,إبطال
KYC status updated successfully!,KYC status updated successfully!,¡El estado KYC se actualizó exitosamente!,تم تحديث حالة KYC بنجاح!
Setup Page status updated successfully!,Setup Page status updated successfully!,¡El estado de la página de configuración se actualizó exitosamente!,تم تحديث حالة صفحة الإعداد بنجاح!
Update Extension,Update Extension,Actualizar extensión,تحديث الامتداد
Instructions,Instructions,Instrucciones,تعليمات
Extension has been udpate successfully,Extension has been udpate successfully,La extensión se ha actualizado correctamente.,لقد تم تحديث الامتداد بنجاح
Extension status is updated successfully!,Extension status is updated successfully!,¡El estado de la extensión se actualizó correctamente!,تم تحديث حالة الامتداد بنجاح!
Extension is not found!,Extension is not found!,¡No se encuentra la extensión!,لم يتم العثور على التمديد!
Slug,Slug,Babosa,سبيكة
Add Link,Add Link,Añadir enlace,إضافة رابط
Content,Content,Contenido,محتوى
Use for make page link (URL),Use for make page link (URL),Úselo para crear un enlace a la página (URL),استخدم لإنشاء رابط الصفحة (URL)
Are you sure to delete this link?,Are you sure to delete this link?,¿Estás seguro de eliminar este enlace?,هل أنت متأكد من حذف هذا الرابط؟
Useful link added successfully!,Useful link added successfully!,¡Enlace útil agregado exitosamente!,تمت إضافة الرابط المفيد بنجاح!
Useful link updated successfully!,Useful link updated successfully!,¡Enlace útil actualizado exitosamente!,تم تحديث الرابط المفيد بنجاح!
Useful link deleted successfully!,Useful link deleted successfully!,¡Enlace útil eliminado exitosamente!,تم حذف الرابط المفيد بنجاح!
Useful link status updated successfully!,Useful link status updated successfully!,¡El estado del enlace útil se actualizó exitosamente!,تم تحديث حالة الرابط المفيد بنجاح!
Browser Push Notification Configuration,Browser Push Notification Configuration,Configuración de notificaciones push del navegador,تكوين إشعارات المتصفح
Instance ID,Instance ID,ID de instancia,معرف المثيل
Primary key,Primary key,Clave primaria,المفتاح الأساسي
Broadcasting/ Internal Notification Configuration,Broadcasting/ Internal Notification Configuration,Configuración de transmisión/notificación interna,البث/تكوين الإخطار الداخلي
Method,Method,Método,طريقة
APP ID,APP ID,ID DE APLICACIÓN,معرف التطبيق
Secret key,Secret key,Llave secreta,المفتاح السري
Cluster,Cluster,Grupo,تَجَمَّع
Notification Body,Notification Body,Organismo de notificación,هيئة الإخطار
Latest Notifications,Latest Notifications,Últimas notificaciones,أحدث الإخطارات
Body,Body,Cuerpo,جسم
Time,Time,Tiempo,وقت
Sorry! You have to configure first to send push notification.,Sorry! You have to configure first to send push notification.,¡Lo siento! Primero debe configurar para enviar notificaciones automáticas.,آسف! يجب عليك التهيئة أولاً لإرسال إشعار الدفع.
Please configure your push notification with valid credentials.,Please configure your push notification with valid credentials.,Configure su notificación push con credenciales válidas.,يرجى تكوين إشعار الدفع الخاص بك ببيانات اعتماد صالحة.
Oops! Failed to store information.,Oops! Failed to store information.,¡Ups! No se pudo almacenar la información.,أُووبس! فشل في تخزين المعلومات.
Notification sended successfully!,Notification sended successfully!,¡Notificación enviada exitosamente!,تم إرسال الإخطار بنجاح!
The instance id field is required.,The instance id field is required.,El campo de identificación de instancia es obligatorio.,حقل معرف المثيل مطلوب.
The primary key field is required.,The primary key field is required.,El campo de clave principal es obligatorio.,حقل المفتاح الأساسي مطلوب.
Policy Link,Policy Link,Enlace de política,رابط السياسة
The status field is required.,The status field is required.,El campo de estado es obligatorio.,حقل الحالة مطلوب.
The link field is required.,The link field is required.,El campo de enlace es obligatorio.,حقل الارتباط مطلوب.
The desc field is required.,The desc field is required.,El campo desc es obligatorio.,حقل الوصف مطلوب.
Cookie information updated successfully!,Cookie information updated successfully!,¡La información de las cookies se actualizó correctamente!,تم تحديث معلومات ملفات تعريف الارتباط بنجاح!
Server Information,Server Information,información del servidor,معلومات الخادم
App Name,App Name,Nombre de la aplicación,اسم التطبيق
App Environment,App Environment,Entorno de aplicación,بيئة التطبيق
App Debug,App Debug,Depuración de aplicaciones,تصحيح أخطاء التطبيق
App Mode,App Mode,Modo de aplicación,وضع التطبيق
Database Connection,Database Connection,Conexión de base de datos,اتصال قاعدة البيانات
Database Host,Database Host,Host de base de datos,مضيف قاعدة البيانات
Database Port,Database Port,Puerto de base de datos,منفذ قاعدة البيانات
Database Name,Database Name,Nombre de la base de datos,اسم قاعدة البيانات
Database Username,Database Username,Nombre de usuario de la base de datos,اسم مستخدم قاعدة البيانات
PHP Version,PHP Version,Versión PHP,نسخة PHP
Laravel Version,Laravel Version,Versión Laravel,نسخة لارافيل
Server Software,Server Software,Software de servidor,برامج الخادم
Server IP Address,Server IP Address,Dirección IP del servidor,عنوان IP للخادم
Server Protocol,Server Protocol,Protocolo de servidor,بروتوكول الخادم
"Cache Clear Successfully!","Cache Clear Successfully!","¡Borrar caché correctamente!","تم مسح ذاكرة التخزين المؤقت بنجاح!"
Edit Useful Link,Edit Useful Link,Editar enlace útil,تعديل الرابط المفيد
Contact Messages,Contact Messages,Mensajes de contacto,رسائل الاتصال
Reply,Reply,Responder,رد
Created At,Created At,Creado en,أنشئت في
Replyed,Replyed,Respondido,تم الرد
Not Replyed,Not Replyed,No respondido,لم يتم الرد
Send Reply,Send Reply,Enviar respuesta,إرسال الرد
Write Subject,Write Subject,Escribir Asunto,كتابة الموضوع
Reply sended successfully!,Reply sended successfully!,¡Respuesta enviada exitosamente!,تم إرسال الرد بنجاح!
Website Subscribers,Website Subscribers,Suscriptores del sitio web,المشتركين في الموقع
Subscribers,Subscribers,Suscriptores,مشتركين
Send Mail to All,Send Mail to All,Enviar correo a todos,إرسال البريد للجميع
Send mail to all subscribers,Send mail to all subscribers,Enviar correo a todos los suscriptores,إرسال البريد إلى جميع المشتركين
Mail send failed! Please try again,Mail send failed! Please try again,¡Falló el envío de correo! Inténtalo de nuevo,فشل إرسال البريد! حاول مرة اخرى
Setup Currency,Setup Currency,Configuración de moneda,عملة الإعداد
There is no default currency in your system.,There is no default currency in your system.,No hay ninguna moneda predeterminada en su sistema.,لا توجد عملة افتراضية في نظامك.
Add Currency,Add Currency,Agregar moneda,أضف العملة
Symbol,Symbol,Símbolo,رمز
Rate,Rate,Tasa,معدل
Sender,Sender,Remitente,مرسل
Receiver,Receiver,Receptor,المتلقي
currency?,currency?,¿divisa?,عملة؟
Country Flag,Country Flag,Bandera del país,علم الدولة
FIAT,FIAT,FÍAT,فيات
CRYPTO,CRYPTO,CRIPTO,تشفير
Both,Both,Ambos,كلاهما
Edit Currency,Edit Currency,Editar moneda,تحرير العملة
The type field is required.,The type field is required.,El campo tipo es obligatorio.,حقل النوع مطلوب.
The country field is required.,The country field is required.,El campo del país es obligatorio.,حقل البلد مطلوب.
The symbol field is required.,The symbol field is required.,El campo de símbolo es obligatorio.,حقل الرمز مطلوب.
The option field is required.,The option field is required.,El campo de opción es obligatorio.,حقل الخيار مطلوب.
The rate field is required.,The rate field is required.,El campo de tarifa es obligatorio.,حقل المعدل مطلوب.
Default currency make faild! Please try again.,Default currency make faild! Please try again.,¡La moneda predeterminada falló! Inténtalo de nuevo.,العملة الافتراضية فشلت! حاول مرة اخرى.
Currency Saved Successfully!,Currency Saved Successfully!,¡Moneda guardada con éxito!,تم حفظ العملة بنجاح!
Currency status updated successfully!,Currency status updated successfully!,¡El estado de la moneda se actualizó exitosamente!,تم تحديث حالة العملة بنجاح!
The currency type is required.,The currency type is required.,El tipo de moneda es obligatorio.,نوع العملة مطلوب.
The currency country field is required.,The currency country field is required.,El campo del país de moneda es obligatorio.,حقل بلد العملة مطلوب.
The currency name field is required.,The currency name field is required.,El campo del nombre de la moneda es obligatorio.,حقل اسم العملة مطلوب.
The currency code field is required.,The currency code field is required.,El campo del código de moneda es obligatorio.,حقل رمز العملة مطلوب.
The currency symbol field is required.,The currency symbol field is required.,El campo del símbolo de moneda es obligatorio.,حقل رمز العملة مطلوب.
The currency rate field is required.,The currency rate field is required.,El campo del tipo de cambio es obligatorio.,حقل سعر العملة مطلوب.
The currency option field is required.,The currency option field is required.,El campo de opción de moneda es obligatorio.,حقل خيار العملة مطلوب.
The currency target field is required.,The currency target field is required.,El campo de moneda objetivo es obligatorio.,حقل العملة المستهدفة مطلوب.
The currency role field is required.,The currency role field is required.,El campo de rol de moneda es obligatorio.,حقل دور العملة مطلوب.
Currency not found!,Currency not found!,¡Moneda no encontrada!,لم يتم العثور على العملة!
Image file upload faild!,Image file upload faild!,¡La carga del archivo de imagen falló!,فشل تحميل ملف الصورة!
Successfully updated the information.,Successfully updated the information.,Se actualizó exitosamente la información.,تم تحديث المعلومات بنجاح.
Can\'t deletable default currency.,Can\'t deletable default currency.,No se puede eliminar la moneda predeterminada.,لا يمكن حذف العملة الافتراضية.
Currency deleted successfully!,Currency deleted successfully!,¡Moneda eliminada exitosamente!,تم حذف العملة بنجاح!
Option,Option,Opción,خيار
Fees & Charges,Fees & Charges,Tarifas y cargos,الرسوم والمصاريف
Support,Support,Apoyo,يدعم
Please deselect your default language first.,Please deselect your default language first.,Primero deseleccione su idioma predeterminado.,الرجاء إلغاء تحديد لغتك الافتراضية أولاً.